parameter,value
b0,9.162841754554664
b1,1.2599597609311515
b2,2.394531191997772
b3,0.3214083479374163
b4,231.23902289388886
